date,state,district,daily_enrollments,enrollment_sum,age_0_5_sum,age_5_17_sum,age_18_plus_sum,infant_ratio,youth_ratio,adult_ratio,anomaly_label,anomaly_score
2025-03-15,Assam,Marigaon,3,48,48,43,206,0.1610738255033557,0.14429530201342283,0.6912751677852349,-1,-0.012453875187946495
2025-03-15,Meghalaya,West Khasi Hills,1,34,34,10,148,0.17616580310880828,0.05181347150259067,0.7668393782383419,-1,-0.03552424971561019
2025-03-20,Assam,Sonitpur,1,10,10,28,43,0.12195121951219512,0.34146341463414637,0.524390243902439,-1,-0.007352136919031471
2025-03-20,Meghalaya,West Khasi Hills,1,20,20,19,202,0.08264462809917356,0.07851239669421488,0.8347107438016529,-1,-0.05277111918300392
2025-03-23,Meghalaya,East Khasi Hills,1,11,11,11,115,0.07971014492753623,0.07971014492753623,0.8333333333333334,-1,-0.05326411222027394
2025-05-01,Assam,Darrang,1,87,87,53,308,0.19376391982182628,0.11804008908685969,0.6859688195991092,-1,-0.015783756812378424
2025-05-01,Meghalaya,East Khasi Hills,20,768,768,2259,1867,0.15689479060265576,0.46149131767109297,0.38140960163432075,-1,-0.01488355094639926
2025-06-01,Meghalaya,East Garo Hills,2,70,70,469,341,0.07945516458569807,0.5323496027241771,0.3870601589103292,-1,-3.5809346235926576e-05
2025-06-01,Meghalaya,East Khasi Hills,13,287,287,1875,978,0.09137217446673034,0.5969436485195797,0.3113658070678128,-1,-0.0008103925832355641
2025-06-01,Meghalaya,South Garo Hills,3,42,42,197,312,0.07608695652173914,0.35688405797101447,0.5652173913043478,-1,-0.010308430758257048
2025-06-01,Meghalaya,West Khasi Hills,2,129,129,1296,752,0.05922865013774105,0.5950413223140496,0.34527089072543615,-1,-0.0003602227508084921
2025-07-01,Meghalaya,East Garo Hills,2,73,73,606,387,0.06841611996251172,0.5679475164011246,0.3626991565135895,-1,-0.006311805312076868
2025-07-01,Meghalaya,East Khasi Hills,21,756,756,3426,2404,0.11477151965993623,0.5201153787763777,0.36496128738424166,-1,-0.017333556267764116
2025-07-01,Meghalaya,North Garo Hills,1,22,22,97,125,0.08979591836734693,0.39591836734693875,0.5102040816326531,-1,-0.0011421687668613512
2025-09-01,Assam,West Karbi Anglong,5,1,1,1,10,0.07692307692307693,0.07692307692307693,0.7692307692307693,-1,-0.046591243870519605
2025-09-01,Meghalaya,East Khasi Hills,25,21,21,78,94,0.10824742268041238,0.4020618556701031,0.4845360824742268,-1,-0.03354150017330193
2025-09-01,Meghalaya,Ri Bhoi,6,6,6,20,31,0.10344827586206896,0.3448275862068966,0.5344827586206896,-1,-0.003273480396267625
2025-09-01,Mizoram,Saitual,1,0,0,0,1,0.0,0.0,0.5,-1,-0.031962546669918934
2025-09-01,Nagaland,Meluri,1,0,0,0,1,0.0,0.0,0.5,-1,-0.031962546669918934
2025-09-01,West Bengal,Kalimpong,2,0,0,1,3,0.0,0.2,0.6,-1,-0.021876109719325743
2025-09-02,Assam,West Karbi Anglong,3,2,2,0,4,0.2857142857142857,0.0,0.5714285714285714,-1,-0.02211360712019217
2025-09-02,Meghalaya,East Khasi Hills,24,24,24,46,45,0.20689655172413793,0.39655172413793105,0.3879310344827586,-1,-0.016465717711390715
2025-09-02,Nagaland,Chumukedima,4,0,0,1,4,0.0,0.16666666666666666,0.6666666666666666,-1,-0.03723756133983658
2025-09-02,Sikkim,Namchi,1,0,0,0,1,0.0,0.0,0.5,-1,-0.031962546669918934
2025-09-02,West Bengal,Kalimpong,1,0,0,0,1,0.0,0.0,0.5,-1,-0.031962546669918934
2025-09-03,Madhya Pradesh,Maihar,2,1,1,0,2,0.25,0.0,0.5,-1,-0.013568767569765994
2025-09-03,Meghalaya,East Khasi Hills,21,16,16,35,42,0.1702127659574468,0.3723404255319149,0.44680851063829785,-1,-0.01618946842871627
2025-09-03,Nagaland,Chumukedima,2,0,0,1,2,0.0,0.25,0.5,-1,-0.002650984650825139
2025-09-03,Sikkim,Namchi,1,0,0,0,1,0.0,0.0,0.5,-1,-0.031962546669918934
2025-09-04,Meghalaya,East Khasi Hills,21,13,13,34,40,0.14772727272727273,0.38636363636363635,0.45454545454545453,-1,-0.018064306806859887
2025-09-04,Meghalaya,South Garo Hills,4,3,3,10,22,0.08333333333333333,0.2777777777777778,0.6111111111111112,-1,-0.012453979563877615
2025-09-04,Nagaland,Longleng,1,0,0,0,2,0.0,0.0,0.6666666666666666,-1,-0.04793890482294638
2025-09-05,Assam,West Karbi Anglong,3,0,0,0,6,0.0,0.0,0.8571428571428571,-1,-0.07184163478525674
2025-09-05,Chhattisgarh,Bijapur,3,2,2,5,14,0.09090909090909091,0.22727272727272727,0.6363636363636364,-1,-0.00902315401809084
2025-09-05,Ladakh,Leh,2,1,1,0,2,0.25,0.0,0.5,-1,-0.013568767569765994
2025-09-05,Meghalaya,East Khasi Hills,26,22,22,88,55,0.13253012048192772,0.5301204819277109,0.3313253012048193,-1,-0.02210004928055509
2025-09-05,Nagaland,Peren,1,0,0,0,2,0.0,0.0,0.6666666666666666,-1,-0.04793890482294638
2025-09-05,Sikkim,Namchi,1,0,0,0,1,0.0,0.0,0.5,-1,-0.031962546669918934
2025-09-05,Tamil Nadu,Chengalpattu,1,0,0,0,1,0.0,0.0,0.5,-1,-0.031962546669918934
2025-09-06,Assam,West Karbi Anglong,4,2,2,1,11,0.13333333333333333,0.06666666666666667,0.7333333333333333,-1,-0.03526453587048495
2025-09-06,Karnataka,Bengaluru South,1,0,0,0,1,0.0,0.0,0.5,-1,-0.031962546669918934
2025-09-06,Meghalaya,South West Khasi Hills,1,0,0,0,1,0.0,0.0,0.5,-1,-0.031962546669918934
2025-09-07,Rajasthan,Chittaurgarh,1,0,0,0,1,0.0,0.0,0.5,-1,-0.031962546669918934
2025-09-08,Meghalaya,East Khasi Hills,22,19,19,40,54,0.16666666666666666,0.3508771929824561,0.47368421052631576,-1,-0.017558358102273908
2025-09-08,Mizoram,Kolasib,2,1,1,0,3,0.2,0.0,0.6,-1,-0.02676094198389234
2025-09-08,Nagaland,Niuland,1,0,0,0,1,0.0,0.0,0.5,-1,-0.031962546669918934
2025-09-09,Assam,West Karbi Anglong,4,0,0,1,4,0.0,0.16666666666666666,0.6666666666666666,-1,-0.03723756133983658
2025-09-09,Meghalaya,East Khasi Hills,21,23,23,74,51,0.15436241610738255,0.4966442953020134,0.3422818791946309,-1,-0.0016479627851621048
2025-09-10,Meghalaya,East Garo Hills,4,1,1,16,12,0.03333333333333333,0.5333333333333333,0.4,-1,-0.014814746406301205
2025-09-10,Meghalaya,East Khasi Hills,23,20,20,56,38,0.17391304347826086,0.48695652173913045,0.33043478260869563,-1,-0.0036873907834352737
2025-09-10,Meghalaya,South Garo Hills,5,0,0,21,6,0.0,0.75,0.21428571428571427,-1,-0.008718582046472023
2025-09-10,Nagaland,Chumukedima,1,0,0,0,2,0.0,0.0,0.6666666666666666,-1,-0.04793890482294638
2025-09-10,Nagaland,Zunheboto,2,0,0,0,2,0.0,0.0,0.6666666666666666,-1,-0.04863532129208814
2025-09-11,Dadra and Nagar Haveli and Daman and Diu,Diu,1,0,0,1,2,0.0,0.25,0.5,-1,-0.004045743520228462
2025-09-11,Madhya Pradesh,Pandhurna,1,0,0,0,1,0.0,0.0,0.5,-1,-0.031962546669918934
2025-09-11,Meghalaya,East Jaintia Hills,2,1,1,7,9,0.05555555555555555,0.3888888888888889,0.5,-1,-0.0013446267686089142
2025-09-11,Meghalaya,East Khasi Hills,19,16,16,18,47,0.1951219512195122,0.21951219512195122,0.573170731707317,-1,-0.012789706774063103
2025-09-11,Nagaland,Noklak,1,0,0,0,2,0.0,0.0,0.6666666666666666,-1,-0.04793890482294638
2025-09-11,Sikkim,Namchi,1,0,0,0,1,0.0,0.0,0.5,-1,-0.031962546669918934
2025-09-12,Assam,West Karbi Anglong,4,2,2,4,16,0.08695652173913043,0.17391304347826086,0.6956521739130435,-1,-0.02416049444266044
2025-09-12,Meghalaya,East Jaintia Hills,3,1,1,2,14,0.05555555555555555,0.1111111111111111,0.7777777777777778,-1,-0.051327934725789004
2025-09-12,Meghalaya,East Khasi Hills,23,21,21,65,48,0.15555555555555556,0.48148148148148145,0.35555555555555557,-1,-0.007223192045351268
2025-09-12,Nagaland,Chumukedima,4,0,0,2,5,0.0,0.25,0.625,-1,-0.02314614043155061
2025-09-12,Nagaland,Tseminyu,1,0,0,0,1,0.0,0.0,0.5,-1,-0.031962546669918934
2025-09-13,Assam,West Karbi Anglong,3,0,0,6,6,0.0,0.46153846153846156,0.46153846153846156,-1,-0.01741931633796112
2025-09-13,Meghalaya,South Garo Hills,1,0,0,1,2,0.0,0.25,0.5,-1,-0.004045743520228462
2025-09-13,Sikkim,Namchi,1,0,0,0,1,0.0,0.0,0.5,-1,-0.031962546669918934
2025-09-14,Tamil Nadu,Kallakurichi,1,0,0,0,1,0.0,0.0,0.5,-1,-0.031962546669918934
2025-09-15,Maharashtra,Chatrapati Sambhaji Nagar,1,0,0,0,1,0.0,0.0,0.5,-1,-0.031962546669918934
2025-09-15,Meghalaya,East Jaintia Hills,2,1,1,15,13,0.03333333333333333,0.5,0.43333333333333335,-1,-0.0040782213892046615
2025-09-15,Meghalaya,East Khasi Hills,22,13,13,37,42,0.13978494623655913,0.3978494623655914,0.45161290322580644,-1,-0.01675485027416823
2025-09-16,Assam,West Karbi Anglong,3,0,0,4,4,0.0,0.4444444444444444,0.4444444444444444,-1,-0.014925931451137742
2025-09-16,Meghalaya,East Jaintia Hills,1,0,0,1,6,0.0,0.125,0.75,-1,-0.04919965993036224
2025-09-16,Meghalaya,East Khasi Hills,23,25,25,59,47,0.1893939393939394,0.44696969696969696,0.3560606060606061,-1,-0.006912339909687204
2025-09-16,Meghalaya,South West Khasi Hills,2,0,0,1,7,0.0,0.1111111111111111,0.7777777777777778,-1,-0.04839374520887152
2025-09-16,Nagaland,Peren,2,0,0,3,3,0.0,0.42857142857142855,0.42857142857142855,-1,-0.005840771452633731
2025-09-16,West Bengal,Kalimpong,1,0,0,0,1,0.0,0.0,0.5,-1,-0.031962546669918934
2025-09-17,Chhattisgarh,Sarangarh-Bilaigarh,1,0,0,0,1,0.0,0.0,0.5,-1,-0.031962546669918934
2025-09-17,Meghalaya,East Jaintia Hills,2,1,1,7,14,0.043478260869565216,0.30434782608695654,0.6086956521739131,-1,-0.022710859115584348
2025-09-17,Meghalaya,East Khasi Hills,24,7,7,39,47,0.07446808510638298,0.4148936170212766,0.5,-1,-0.04056499062954266
2025-09-17,Meghalaya,Ri Bhoi,6,2,2,14,14,0.06451612903225806,0.45161290322580644,0.45161290322580644,-1,-0.009580103561558029
2025-09-17,Meghalaya,South West Garo Hills,2,0,0,1,2,0.0,0.25,0.5,-1,-0.002650984650825139
2025-09-17,Meghalaya,South West Khasi Hills,3,0,0,2,6,0.0,0.2222222222222222,0.6666666666666666,-1,-0.031982442607397576
2025-09-17,Nagaland,Longleng,1,0,0,0,1,0.0,0.0,0.5,-1,-0.031962546669918934
2025-09-17,Nagaland,Shamator,1,0,0,1,2,0.0,0.25,0.5,-1,-0.004045743520228462
2025-09-17,West Bengal,Kalimpong,3,1,1,0,4,0.16666666666666666,0.0,0.6666666666666666,-1,-0.03321327722669265
2025-09-18,Maharashtra,Chatrapati Sambhaji Nagar,1,0,0,0,1,0.0,0.0,0.5,-1,-0.031962546669918934
2025-09-18,Meghalaya,South Garo Hills,3,0,0,4,3,0.0,0.5,0.375,-1,-0.005658954705466845
2025-09-18,Meghalaya,West Khasi Hills,2,1,1,14,9,0.04,0.56,0.36,-1,-0.011365261386646286
2025-09-19,Karnataka,Bengaluru South,1,0,0,0,1,0.0,0.0,0.5,-1,-0.031962546669918934
2025-09-19,Meghalaya,East Jaintia Hills,3,0,0,3,7,0.0,0.2727272727272727,0.6363636363636364,-1,-0.026375906507018376
2025-09-19,Meghalaya,East Khasi Hills,24,20,20,43,39,0.1941747572815534,0.4174757281553398,0.3786407766990291,-1,-0.015529825981522416
2025-09-19,Meghalaya,South West Khasi Hills,2,1,1,1,7,0.1,0.1,0.7,-1,-0.029251770073704164
2025-09-20,Delhi,New Delhi,2,0,0,1,2,0.0,0.25,0.5,-1,-0.002650984650825139
2025-09-20,Meghalaya,South West Khasi Hills,1,1,1,0,3,0.2,0.0,0.6,-1,-0.027609989767195753
2025-09-20,Meghalaya,West Khasi Hills,1,0,0,0,1,0.0,0.0,0.5,-1,-0.031962546669918934
2025-09-21,Andhra Pradesh,N. T. R,1,0,0,0,1,0.0,0.0,0.5,-1,-0.031962546669918934
2025-09-21,Andhra Pradesh,Parvathipuram Manyam,1,0,0,0,1,0.0,0.0,0.5,-1,-0.031962546669918934
2025-09-22,Meghalaya,East Khasi Hills,19,10,10,38,40,0.11235955056179775,0.42696629213483145,0.449438202247191,-1,-0.021564299186046854
2025-09-22,Nagaland,Chumukedima,1,0,0,0,1,0.0,0.0,0.5,-1,-0.031962546669918934
2025-09-23,Meghalaya,East Khasi Hills,24,18,18,37,37,0.1935483870967742,0.3978494623655914,0.3978494623655914,-1,-0.019751329865362988
2025-09-24,Meghalaya,East Jaintia Hills,2,1,1,6,16,0.041666666666666664,0.25,0.6666666666666666,-1,-0.02924128674838178
2025-09-24,Meghalaya,Eastern West Khasi Hills,1,0,0,0,1,0.0,0.0,0.5,-1,-0.031962546669918934
2025-09-24,Mizoram,Serchhip,1,0,0,0,1,0.0,0.0,0.5,-1,-0.031962546669918934
2025-09-24,Nagaland,Chumukedima,1,0,0,1,2,0.0,0.25,0.5,-1,-0.004045743520228462
2025-09-24,Nagaland,Shamator,1,0,0,1,3,0.0,0.2,0.6,-1,-0.022652507521314647
2025-09-25,Delhi,South East Delhi,1,0,0,0,1,0.0,0.0,0.5,-1,-0.031962546669918934
2025-09-26,Meghalaya,East Jaintia Hills,2,1,1,4,6,0.08333333333333333,0.3333333333333333,0.5,-1,-0.0017186086690345048
2025-09-26,Nagaland,Tseminyu,1,0,0,0,2,0.0,0.0,0.6666666666666666,-1,-0.04793890482294638
2025-09-27,Meghalaya,East Khasi Hills,6,0,0,6,3,0.0,0.6,0.3,-1,-0.0024779716199836432
2025-09-27,Meghalaya,South West Khasi Hills,2,0,0,1,2,0.0,0.25,0.5,-1,-0.002650984650825139
2025-09-28,Chhattisgarh,Bijapur,1,0,0,0,2,0.0,0.0,0.6666666666666666,-1,-0.04793890482294638
2025-09-28,Maharashtra,Hingoli,1,0,0,0,1,0.0,0.0,0.5,-1,-0.031962546669918934
2025-09-28,Nagaland,Peren,1,0,0,0,1,0.0,0.0,0.5,-1,-0.031962546669918934
2025-09-29,Uttar Pradesh,Budaun,8,1,1,18,2,0.045454545454545456,0.8181818181818182,0.09090909090909091,-1,-0.00034312980838746565
2025-09-29,West Bengal,Darjeeling,4,0,0,4,3,0.0,0.5,0.375,-1,-0.005809711548648955
2025-09-30,Delhi,Central Delhi,2,0,0,1,2,0.0,0.25,0.5,-1,-0.002650984650825139
2025-09-30,Karnataka,Bengaluru,12,0,0,7,6,0.0,0.5,0.42857142857142855,-1,-0.022848401084441194
2025-09-30,Punjab,Amritsar,3,1,1,0,2,0.25,0.0,0.5,-1,-0.016003428176144197
2025-10-13,Assam,Cachar,46,93,93,30,73,0.4720812182741117,0.15228426395939088,0.37055837563451777,-1,-0.0065400695781047125
2025-10-13,Assam,Dhemaji,11,29,29,12,184,0.12831858407079647,0.05309734513274336,0.8141592920353983,-1,-0.05255309634214678
2025-10-13,Assam,Kamrup Metro,35,31,31,28,67,0.2440944881889764,0.2204724409448819,0.5275590551181102,-1,-0.03145072383383396
2025-10-13,Karnataka,Bengaluru,91,277,277,89,72,0.6309794988610479,0.20273348519362186,0.16400911161731208,-1,-0.00240025331966498
2025-10-13,Maharashtra,Chhatrapati Sambhajinagar,14,5,5,9,41,0.08928571428571429,0.16071428571428573,0.7321428571428571,-1,-0.04884408810233898
2025-10-13,Meghalaya,East Garo Hills,5,2,2,5,16,0.08333333333333333,0.20833333333333334,0.6666666666666666,-1,-0.021893560778690757
2025-10-13,Meghalaya,East Jaintia Hills,1,0,0,0,1,0.0,0.0,0.5,-1,-0.031962546669918934
2025-10-13,Meghalaya,Ri Bhoi,6,2,2,5,114,0.01639344262295082,0.040983606557377046,0.9344262295081968,-1,-0.062561698937868
2025-10-13,Meghalaya,West Garo Hills,6,5,5,4,94,0.04807692307692308,0.038461538461538464,0.9038461538461539,-1,-0.060566598062758104
2025-10-13,Meghalaya,West Jaintia Hills,3,1,1,7,52,0.01639344262295082,0.11475409836065574,0.8524590163934426,-1,-0.05764728525823992
2025-10-13,Mizoram,Saiha,2,2,2,0,3,0.3333333333333333,0.0,0.5,-1,-0.0006783778091038473
2025-10-15,Assam,Kokrajhar,14,19,19,3,66,0.21348314606741572,0.033707865168539325,0.7415730337078652,-1,-0.04009790831439286
2025-10-15,Assam,Sibsagar,18,14,14,5,30,0.28,0.1,0.6,-1,-0.019116286130079985
2025-10-15,Assam,West Karbi Anglong,5,0,0,3,10,0.0,0.21428571428571427,0.7142857142857143,-1,-0.03382657829462832
2025-10-15,Ladakh,Leh,1,0,0,0,1,0.0,0.0,0.5,-1,-0.031962546669918934
2025-10-15,Meghalaya,East Garo Hills,6,0,0,11,9,0.0,0.5238095238095238,0.42857142857142855,-1,-0.01566511717282626
2025-10-15,Meghalaya,East Jaintia Hills,4,2,2,6,22,0.06451612903225806,0.1935483870967742,0.7096774193548387,-1,-0.024026907688026733
2025-10-15,Meghalaya,East Khasi Hills,29,14,14,35,79,0.10852713178294573,0.2713178294573643,0.6124031007751938,-1,-0.046624502881972396
2025-10-15,Meghalaya,West Khasi Hills,4,16,16,14,102,0.12030075187969924,0.10526315789473684,0.7669172932330827,-1,-0.040334800606178445
2025-10-16,Bihar,Patna,37,40,40,97,43,0.22099447513812154,0.5359116022099447,0.23756906077348067,-1,-0.002976203079406048
2025-10-16,Karnataka,Dakshina Kannada,44,46,46,7,36,0.5111111111111111,0.07777777777777778,0.4,-1,-0.022976484506998074
2025-10-16,Maharashtra,Chhatrapati Sambhajinagar,10,3,3,9,80,0.03225806451612903,0.0967741935483871,0.8602150537634409,-1,-0.06493174859707795
2025-10-16,Meghalaya,East Jaintia Hills,2,1,1,5,10,0.058823529411764705,0.29411764705882354,0.5882352941176471,-1,-0.014201818756143791
2025-10-16,Meghalaya,East Khasi Hills,20,7,7,24,106,0.050724637681159424,0.17391304347826086,0.7681159420289855,-1,-0.05998628590699484
2025-10-16,Meghalaya,Ri Bhoi,5,1,1,9,23,0.029411764705882353,0.2647058823529412,0.6764705882352942,-1,-0.02846822799209403
2025-10-16,Meghalaya,South West Garo Hills,3,3,3,1,39,0.06818181818181818,0.022727272727272728,0.8863636363636364,-1,-0.06305576638133703
2025-10-16,Tamil Nadu,Ariyalur,16,11,11,5,21,0.2894736842105263,0.13157894736842105,0.5526315789473685,-1,-0.002332514376087391
2025-10-17,Assam,Kamrup Metro,42,46,46,59,37,0.32167832167832167,0.4125874125874126,0.25874125874125875,-1,-0.0005406916123594785
2025-10-18,Assam,West Karbi Anglong,3,0,0,1,5,0.0,0.14285714285714285,0.7142857142857143,-1,-0.03723756133983658
2025-10-18,Sikkim,Namchi,2,0,0,0,2,0.0,0.0,0.6666666666666666,-1,-0.04863532129208814
2025-10-20,Assam,Kamrup Metro,19,5,5,1,77,0.05952380952380952,0.011904761904761904,0.9166666666666666,-1,-0.07854066313311481
2025-10-20,Gujarat,Gandhinagar,4,2,2,0,3,0.3333333333333333,0.0,0.5,-1,-0.004136905287587922
2025-10-21,Andhra Pradesh,Annamayya,1,0,0,0,1,0.0,0.0,0.5,-1,-0.031962546669918934
2025-10-21,Andhra Pradesh,Sri Potti Sriramulu Nellore,11,0,0,1,25,0.0,0.037037037037037035,0.9259259259259259,-1,-0.07021192701464996
2025-10-21,Andhra Pradesh,Sri Sathya Sai,1,0,0,0,1,0.0,0.0,0.5,-1,-0.031962546669918934
2025-10-21,Andhra Pradesh,Tirupati,3,0,0,0,6,0.0,0.0,0.8571428571428571,-1,-0.07184163478525674
2025-10-21,Andhra Pradesh,West Godavari,7,2,2,0,5,0.25,0.0,0.625,-1,-0.022841460349345644
2025-10-21,Assam,Karbi Anglong,9,4,4,3,32,0.1,0.075,0.8,-1,-0.04704890271873008
2025-10-21,Assam,West Karbi Anglong,4,1,1,0,8,0.1,0.0,0.8,-1,-0.0638973711242442
2025-10-21,Madhya Pradesh,Morena,8,5,5,2,17,0.2,0.08,0.68,-1,-0.012792273984633118
2025-10-21,Meghalaya,East Garo Hills,2,0,0,1,17,0.0,0.05263157894736842,0.8947368421052632,-1,-0.05878367107313287
2025-10-21,Meghalaya,East Khasi Hills,8,1,1,2,38,0.023809523809523808,0.047619047619047616,0.9047619047619048,-1,-0.0632023975376762
2025-10-21,Meghalaya,North Garo Hills,2,1,1,0,2,0.25,0.0,0.5,-1,-0.013568767569765994
2025-10-21,Meghalaya,South West Khasi Hills,3,1,1,1,12,0.06666666666666667,0.06666666666666667,0.8,-1,-0.05312739723539639
2025-10-21,Meghalaya,West Garo Hills,5,4,4,3,13,0.19047619047619047,0.14285714285714285,0.6190476190476191,-1,-0.003791819247988104
2025-10-21,Meghalaya,West Jaintia Hills,1,0,0,0,8,0.0,0.0,0.8888888888888888,-1,-0.0690973049329533
2025-10-21,Nagaland,Peren,1,1,1,2,7,0.09090909090909091,0.18181818181818182,0.6363636363636364,-1,-0.0200796610535785
2025-10-21,Punjab,Kapurthala,3,0,0,1,13,0.0,0.06666666666666667,0.8666666666666667,-1,-0.059959912050765674
2025-10-21,Telangana,Peddapalli,1,0,0,0,1,0.0,0.0,0.5,-1,-0.031962546669918934
2025-10-21,Tripura,Unakoti,1,0,0,0,1,0.0,0.0,0.5,-1,-0.031962546669918934
2025-10-21,Uttar Pradesh,Baghpat,8,1,1,4,17,0.043478260869565216,0.17391304347826086,0.7391304347826086,-1,-0.04741328580106696
2025-10-21,Uttarakhand,Uttarkashi,2,0,0,1,2,0.0,0.25,0.5,-1,-0.002650984650825139
2025-10-22,Andhra Pradesh,Tirupati,1,0,0,0,1,0.0,0.0,0.5,-1,-0.031962546669918934
2025-10-22,Assam,Baksa,1,0,0,0,1,0.0,0.0,0.5,-1,-0.031962546669918934
2025-10-22,Assam,Hailakandi,1,0,0,0,2,0.0,0.0,0.6666666666666666,-1,-0.04793890482294638
2025-10-22,Assam,Jorhat,1,0,0,0,1,0.0,0.0,0.5,-1,-0.031962546669918934
2025-10-22,Assam,Kamrup Metro,1,0,0,0,2,0.0,0.0,0.6666666666666666,-1,-0.04793890482294638
2025-10-22,Bihar,Jehanabad,1,0,0,0,1,0.0,0.0,0.5,-1,-0.031962546669918934
2025-10-22,Bihar,Rohtas,1,0,0,0,1,0.0,0.0,0.5,-1,-0.031962546669918934
2025-10-22,Goa,North Goa,1,0,0,0,1,0.0,0.0,0.5,-1,-0.031962546669918934
2025-10-22,Jharkhand,East Singhbhum,2,1,1,0,2,0.25,0.0,0.5,-1,-0.013568767569765994
2025-10-22,Karnataka,Vijayapura,1,0,0,0,1,0.0,0.0,0.5,-1,-0.031962546669918934
2025-10-22,Madhya Pradesh,Shivpuri,1,0,0,0,1,0.0,0.0,0.5,-1,-0.031962546669918934
2025-10-22,Meghalaya,East Jaintia Hills,1,0,0,0,1,0.0,0.0,0.5,-1,-0.031962546669918934
2025-10-22,Meghalaya,East Khasi Hills,5,0,0,0,9,0.0,0.0,0.9,-1,-0.07108941810444724
2025-10-22,Meghalaya,Ri Bhoi,2,0,0,0,3,0.0,0.0,0.75,-1,-0.06468364904043278
2025-10-22,Meghalaya,South West Khasi Hills,3,0,0,0,18,0.0,0.0,0.9473684210526315,-1,-0.0744798095367959
2025-10-22,Meghalaya,West Garo Hills,1,0,0,0,1,0.0,0.0,0.5,-1,-0.031962546669918934
2025-10-22,Meghalaya,West Khasi Hills,1,0,0,0,3,0.0,0.0,0.75,-1,-0.06397180132219027
2025-10-22,Nagaland,Mon,2,0,0,0,2,0.0,0.0,0.6666666666666666,-1,-0.04863532129208814
2025-10-22,Nagaland,Tuensang,2,0,0,0,2,0.0,0.0,0.6666666666666666,-1,-0.04863532129208814
2025-10-23,Andhra Pradesh,Bapatla,1,0,0,0,1,0.0,0.0,0.5,-1,-0.031962546669918934
2025-10-23,Andhra Pradesh,Guntur,1,0,0,0,1,0.0,0.0,0.5,-1,-0.031962546669918934
2025-10-23,Andhra Pradesh,Sri Potti Sriramulu Nellore,3,0,0,0,3,0.0,0.0,0.75,-1,-0.06780673143948746
2025-10-23,Andhra Pradesh,Srikakulam,1,0,0,0,1,0.0,0.0,0.5,-1,-0.031962546669918934
2025-10-23,Andhra Pradesh,Visakhapatnam,1,0,0,0,1,0.0,0.0,0.5,-1,-0.031962546669918934
2025-10-23,Andhra Pradesh,Y. S. R,1,0,0,0,1,0.0,0.0,0.5,-1,-0.031962546669918934
2025-10-23,Assam,Baksa,2,0,0,0,9,0.0,0.0,0.9,-1,-0.07132869439498335
2025-10-23,Assam,Bongaigaon,1,0,0,0,1,0.0,0.0,0.5,-1,-0.031962546669918934
2025-10-23,Assam,Cachar,6,0,0,0,13,0.0,0.0,0.9285714285714286,-1,-0.07108941810444724
2025-10-23,Assam,Darrang,4,0,0,1,3,0.0,0.2,0.6,-1,-0.025078499965790035
2025-10-23,Assam,Dhemaji,3,0,0,0,28,0.0,0.0,0.9655172413793104,-1,-0.0744798095367959
2025-10-23,Assam,Dhubri,2,0,0,0,5,0.0,0.0,0.8333333333333334,-1,-0.06920537730742526
2025-10-23,Assam,Dibrugarh,8,0,0,0,22,0.0,0.0,0.9565217391304348,-1,-0.07310740837841245
2025-10-23,Assam,Goalpara,3,0,0,0,12,0.0,0.0,0.9230769230769231,-1,-0.0744798095367959
2025-10-23,Assam,Golaghat,8,0,0,0,31,0.0,0.0,0.96875,-1,-0.07310740837841245
2025-10-23,Assam,Hailakandi,4,0,0,0,68,0.0,0.0,0.9855072463768116,-1,-0.07397246710390659
2025-10-23,Assam,Jorhat,6,0,0,0,15,0.0,0.0,0.9375,-1,-0.07108941810444724
2025-10-23,Assam,Kamrup,6,1,1,0,30,0.03125,0.0,0.9375,-1,-0.07210054244359243
2025-10-23,Assam,Kamrup Metro,9,0,0,0,20,0.0,0.0,0.9523809523809523,-1,-0.07428717155966336
2025-10-23,Assam,Karbi Anglong,5,0,0,0,21,0.0,0.0,0.9545454545454546,-1,-0.07159480924580375
2025-10-23,Assam,Kokrajhar,4,0,0,0,4,0.0,0.0,0.8,-1,-0.06931726143495698
2025-10-23,Assam,Lakhimpur,3,0,0,0,3,0.0,0.0,0.75,-1,-0.06780673143948746
2025-10-23,Assam,Nagaon,3,0,0,0,24,0.0,0.0,0.96,-1,-0.0744798095367959
2025-10-23,Assam,Nalbari,3,0,0,2,5,0.0,0.25,0.625,-1,-0.024092345325847475
2025-10-23,Assam,Sibsagar,9,1,1,0,26,0.03571428571428571,0.0,0.9285714285714286,-1,-0.07530262594024817
2025-10-23,Assam,Udalguri,4,0,0,1,3,0.0,0.2,0.6,-1,-0.025078499965790035
2025-10-23,Bihar,Arwal,1,0,0,0,1,0.0,0.0,0.5,-1,-0.031962546669918934
2025-10-23,Bihar,Aurangabad,1,0,0,0,1,0.0,0.0,0.5,-1,-0.031962546669918934
2025-10-23,Bihar,Banka,2,0,0,0,2,0.0,0.0,0.6666666666666666,-1,-0.04863532129208814
2025-10-23,Bihar,Begusarai,1,0,0,0,1,0.0,0.0,0.5,-1,-0.031962546669918934
2025-10-23,Bihar,Bhagalpur,3,0,0,0,4,0.0,0.0,0.8,-1,-0.06982145315365196
2025-10-23,Bihar,Buxar,4,0,0,1,3,0.0,0.2,0.6,-1,-0.025078499965790035
2025-10-23,Bihar,Darbhanga,2,0,0,0,2,0.0,0.0,0.6666666666666666,-1,-0.04863532129208814
2025-10-23,Bihar,East Champaran,4,0,0,0,5,0.0,0.0,0.8333333333333334,-1,-0.07133607670159992
2025-10-23,Bihar,Gaya,5,0,0,1,6,0.0,0.125,0.75,-1,-0.05188430006317146
2025-10-23,Bihar,Gopalganj,1,0,0,0,1,0.0,0.0,0.5,-1,-0.031962546669918934
2025-10-23,Bihar,Jamui,2,0,0,0,2,0.0,0.0,0.6666666666666666,-1,-0.04863532129208814
2025-10-23,Bihar,Jehanabad,7,0,0,1,23,0.0,0.04,0.92,-1,-0.06306131838883433
2025-10-23,Bihar,Kaimur (Bhabua),1,0,0,0,1,0.0,0.0,0.5,-1,-0.031962546669918934
2025-10-23,Bihar,Khagaria,1,0,0,0,1,0.0,0.0,0.5,-1,-0.031962546669918934
2025-10-23,Bihar,Madhepura,1,0,0,0,1,0.0,0.0,0.5,-1,-0.031962546669918934
2025-10-23,Bihar,Madhubani,3,1,1,0,2,0.25,0.0,0.5,-1,-0.016003428176144197
2025-10-23,Bihar,Muzaffarpur,5,1,1,0,4,0.16666666666666666,0.0,0.6666666666666666,-1,-0.03203492935994812
2025-10-23,Bihar,Nawada,3,1,1,0,2,0.25,0.0,0.5,-1,-0.016003428176144197
2025-10-23,Bihar,Patna,10,0,0,0,12,0.0,0.0,0.9230769230769231,-1,-0.08021090972050204
2025-10-23,Bihar,Purnia,8,0,0,0,12,0.0,0.0,0.9230769230769231,-1,-0.07310740837841245
2025-10-23,Bihar,Samastipur,3,0,0,0,3,0.0,0.0,0.75,-1,-0.06780673143948746
2025-10-23,Bihar,Vaishali,2,0,0,0,2,0.0,0.0,0.6666666666666666,-1,-0.04863532129208814
2025-10-23,Chhattisgarh,Korba,2,0,0,0,3,0.0,0.0,0.75,-1,-0.06468364904043278
2025-10-23,Chhattisgarh,Raigarh,1,0,0,0,2,0.0,0.0,0.6666666666666666,-1,-0.04793890482294638
2025-10-23,Delhi,East Delhi,1,0,0,0,1,0.0,0.0,0.5,-1,-0.031962546669918934
2025-10-23,Goa,South Goa,1,0,0,0,1,0.0,0.0,0.5,-1,-0.031962546669918934
2025-10-23,Gujarat,Bhavnagar,1,0,0,0,1,0.0,0.0,0.5,-1,-0.031962546669918934
2025-10-23,Himachal Pradesh,Shimla,3,0,0,0,5,0.0,0.0,0.8333333333333334,-1,-0.07184163478525674
2025-10-23,Jharkhand,Deoghar,2,0,0,0,2,0.0,0.0,0.6666666666666666,-1,-0.04863532129208814
2025-10-23,Jharkhand,East Singhbhum,3,0,0,0,7,0.0,0.0,0.875,-1,-0.07184163478525674
2025-10-23,Jharkhand,Jamtara,1,0,0,0,1,0.0,0.0,0.5,-1,-0.031962546669918934
2025-10-23,Karnataka,Bagalkot,1,0,0,0,1,0.0,0.0,0.5,-1,-0.031962546669918934
2025-10-23,Karnataka,Udupi,2,0,0,0,2,0.0,0.0,0.6666666666666666,-1,-0.04863532129208814
2025-10-23,Karnataka,Vijayapura,2,0,0,0,3,0.0,0.0,0.75,-1,-0.06468364904043278
2025-10-23,Kerala,Ernakulam,5,1,1,0,5,0.14285714285714285,0.0,0.7142857142857143,-1,-0.035253341513606706
2025-10-23,Kerala,Idukki,1,0,0,0,1,0.0,0.0,0.5,-1,-0.031962546669918934
2025-10-23,Kerala,Kannur,2,0,0,0,2,0.0,0.0,0.6666666666666666,-1,-0.04863532129208814
2025-10-23,Kerala,Kollam,16,1,1,0,16,0.05555555555555555,0.0,0.8888888888888888,-1,-0.07918881807633937
2025-10-23,Kerala,Kozhikode,9,2,2,0,9,0.16666666666666666,0.0,0.75,-1,-0.050366199737794326
2025-10-23,Kerala,Malappuram,3,0,0,1,2,0.0,0.25,0.5,-1,-0.007611696758206388
2025-10-23,Kerala,Palakkad,5,0,0,0,9,0.0,0.0,0.9,-1,-0.07108941810444724
2025-10-23,Kerala,Thiruvananthapuram,7,0,0,0,7,0.0,0.0,0.875,-1,-0.0689667811875454
2025-10-23,Ladakh,Kargil,1,0,0,0,1,0.0,0.0,0.5,-1,-0.031962546669918934
2025-10-23,Madhya Pradesh,Chhatarpur,4,0,0,0,6,0.0,0.0,0.8571428571428571,-1,-0.07133607670159992
2025-10-23,Madhya Pradesh,Indore,5,1,1,0,7,0.1111111111111111,0.0,0.7777777777777778,-1,-0.058565133942833136
2025-10-23,Madhya Pradesh,Jhabua,1,1,1,0,3,0.2,0.0,0.6,-1,-0.027609989767195753
2025-10-23,Maharashtra,Akola,2,0,0,0,2,0.0,0.0,0.6666666666666666,-1,-0.04863532129208814
2025-10-23,Maharashtra,Latur,1,0,0,0,1,0.0,0.0,0.5,-1,-0.031962546669918934
2025-10-23,Manipur,Senapati,1,0,0,0,1,0.0,0.0,0.5,-1,-0.031962546669918934
2025-10-23,Meghalaya,East Jaintia Hills,3,0,0,0,12,0.0,0.0,0.9230769230769231,-1,-0.0744798095367959
2025-10-23,Meghalaya,East Khasi Hills,18,0,0,0,80,0.0,0.0,0.9876543209876543,-1,-0.08519114041149034
2025-10-23,Meghalaya,Ri Bhoi,9,0,0,0,38,0.0,0.0,0.9743589743589743,-1,-0.07428717155966336
2025-10-23,Meghalaya,South Garo Hills,3,0,0,0,13,0.0,0.0,0.9285714285714286,-1,-0.0744798095367959
2025-10-23,Meghalaya,South West Garo Hills,1,0,0,0,1,0.0,0.0,0.5,-1,-0.031962546669918934
2025-10-23,Meghalaya,South West Khasi Hills,1,0,0,0,1,0.0,0.0,0.5,-1,-0.031962546669918934
2025-10-23,Meghalaya,West Garo Hills,5,0,0,0,56,0.0,0.0,0.9824561403508771,-1,-0.07159480924580375
2025-10-23,Meghalaya,West Jaintia Hills,2,0,0,0,18,0.0,0.0,0.9473684210526315,-1,-0.07183424748218248
2025-10-23,Meghalaya,West Khasi Hills,1,0,0,0,63,0.0,0.0,0.984375,-1,-0.070610457141846
2025-10-23,Mizoram,Lawngtlai,4,0,0,0,10,0.0,0.0,0.9090909090909091,-1,-0.07346546781586782
2025-10-23,Mizoram,Mamit,1,0,0,0,3,0.0,0.0,0.75,-1,-0.06397180132219027
2025-10-23,Mizoram,Serchhip,1,0,0,0,1,0.0,0.0,0.5,-1,-0.031962546669918934
2025-10-23,Nagaland,Peren,1,0,0,0,1,0.0,0.0,0.5,-1,-0.031962546669918934
2025-10-23,Odisha,Jajpur,1,0,0,0,2,0.0,0.0,0.6666666666666666,-1,-0.04793890482294638
2025-10-23,Odisha,Kalahandi,3,0,0,0,3,0.0,0.0,0.75,-1,-0.06780673143948746
2025-10-23,Odisha,Kendrapara,2,0,0,0,2,0.0,0.0,0.6666666666666666,-1,-0.04863532129208814
2025-10-23,Punjab,Amritsar,1,0,0,0,1,0.0,0.0,0.5,-1,-0.031962546669918934
2025-10-23,Punjab,Kapurthala,2,0,0,0,2,0.0,0.0,0.6666666666666666,-1,-0.04863532129208814
2025-10-23,Rajasthan,Jaisalmer,1,0,0,0,2,0.0,0.0,0.6666666666666666,-1,-0.04793890482294638
2025-10-23,Rajasthan,Kota,1,0,0,0,1,0.0,0.0,0.5,-1,-0.031962546669918934
2025-10-23,Tamil Nadu,Ariyalur,1,0,0,0,1,0.0,0.0,0.5,-1,-0.031962546669918934
2025-10-23,Tamil Nadu,Ramanathapuram,4,0,0,0,5,0.0,0.0,0.8333333333333334,-1,-0.07133607670159992
2025-10-23,Telangana,Bhadradri Kothagudem,1,0,0,0,1,0.0,0.0,0.5,-1,-0.031962546669918934
2025-10-23,Telangana,Hyderabad,4,0,0,1,3,0.0,0.2,0.6,-1,-0.025078499965790035
2025-10-23,Tripura,West Tripura,4,1,1,0,5,0.14285714285714285,0.0,0.7142857142857143,-1,-0.03547415031433687
2025-10-23,Uttar Pradesh,Bara Banki,1,0,0,0,1,0.0,0.0,0.5,-1,-0.031962546669918934
2025-10-24,Assam,Jorhat,19,28,28,3,47,0.35443037974683544,0.0379746835443038,0.5949367088607594,-1,-0.020268672430566292
2025-10-24,Assam,Sibsagar,18,27,27,2,44,0.36486486486486486,0.02702702702702703,0.5945945945945946,-1,-0.023686421236524535
2025-10-24,Chhattisgarh,Bijapur,5,5,5,7,74,0.05747126436781609,0.08045977011494253,0.8505747126436781,-1,-0.05297164834084189
2025-10-24,Chhattisgarh,Uttar Bastar Kanker,6,3,3,0,5,0.3333333333333333,0.0,0.5555555555555556,-1,-0.007614025507313604
2025-10-24,Mizoram,Khawzawl,2,0,0,0,16,0.0,0.0,0.9411764705882353,-1,-0.07183424748218248
2025-10-24,Sikkim,East Sikkim,3,1,1,0,3,0.2,0.0,0.6,-1,-0.027481452617205582
2025-10-24,Sikkim,West Sikkim,3,0,0,2,2,0.0,0.4,0.4,-1,-0.006195487830215729
2025-10-26,Assam,Kamrup Metro,23,12,12,19,22,0.2222222222222222,0.35185185185185186,0.4074074074074074,-1,-0.01200750155523922
2025-10-26,Nagaland,Chumukedima,3,0,0,1,2,0.0,0.25,0.5,-1,-0.007611696758206388
2025-10-27,Arunachal Pradesh,Namsai,1,0,0,0,1,0.0,0.0,0.5,-1,-0.031962546669918934
2025-10-27,Assam,Cachar,27,25,25,13,32,0.352112676056338,0.18309859154929578,0.4507042253521127,-1,-0.003985314894027203
2025-10-27,Assam,Dibrugarh,10,5,5,3,13,0.22727272727272727,0.13636363636363635,0.5909090909090909,-1,-0.008039030113496048
2025-10-27,Assam,Golaghat,14,8,8,8,32,0.16326530612244897,0.16326530612244897,0.6530612244897959,-1,-0.011586861170179708
2025-10-27,Assam,Sibsagar,11,6,6,3,36,0.13043478260869565,0.06521739130434782,0.782608695652174,-1,-0.04960301573420778
2025-10-27,Delhi,Shahdara,1,0,0,0,1,0.0,0.0,0.5,-1,-0.031962546669918934
2025-10-27,Gujarat,Anand,10,5,5,0,8,0.35714285714285715,0.0,0.5714285714285714,-1,-0.016024287383732405
2025-10-27,Gujarat,Bharuch,2,0,0,0,2,0.0,0.0,0.6666666666666666,-1,-0.04863532129208814
2025-10-27,Gujarat,Chhotaudepur,7,0,0,1,21,0.0,0.043478260869565216,0.9130434782608695,-1,-0.062561698937868
2025-10-27,Gujarat,Dahod,3,1,1,1,6,0.1111111111111111,0.1111111111111111,0.6666666666666666,-1,-0.024433043564314416
2025-10-27,Gujarat,Devbhumi Dwarka,1,1,1,0,3,0.2,0.0,0.6,-1,-0.027609989767195753
2025-10-27,Gujarat,Gir Somnath,9,0,0,0,49,0.0,0.0,0.98,-1,-0.07428717155966336
2025-10-27,Gujarat,Kachchh,4,1,1,0,3,0.2,0.0,0.6,-1,-0.02653066477713928
2025-10-27,Gujarat,Morbi,2,0,0,0,4,0.0,0.0,0.8,-1,-0.06668990716782097
2025-10-27,Gujarat,Patan,2,0,0,0,6,0.0,0.0,0.8571428571428571,-1,-0.06920537730742526
2025-10-27,Karnataka,Mandya,15,8,8,1,12,0.36363636363636365,0.045454545454545456,0.5454545454545454,-1,-0.005483533759789716
2025-10-27,Karnataka,Tumakuru,17,12,12,0,17,0.4,0.0,0.5666666666666667,-1,-0.020417475684457953
2025-10-27,Madhya Pradesh,Shivpuri,6,5,5,2,70,0.0641025641025641,0.02564102564102564,0.8974358974358975,-1,-0.06006866593455018
2025-10-27,Maharashtra,Dharashiv,4,0,0,1,5,0.0,0.14285714285714285,0.7142857142857143,-1,-0.036273580728531596
2025-10-27,Meghalaya,East Garo Hills,4,2,2,6,19,0.07142857142857142,0.21428571428571427,0.6785714285714286,-1,-0.023150922722645517
2025-10-27,Meghalaya,East Jaintia Hills,2,3,3,7,26,0.08108108108108109,0.1891891891891892,0.7027027027027027,-1,-0.02234152184524074
2025-10-27,Meghalaya,East Khasi Hills,22,20,20,33,123,0.11299435028248588,0.1864406779661017,0.6949152542372882,-1,-0.04148003112396248
2025-10-27,Mizoram,Khawzawl,2,0,0,0,4,0.0,0.0,0.8,-1,-0.06668990716782097
2025-10-27,Mizoram,Saitual,1,0,0,0,5,0.0,0.0,0.8333333333333334,-1,-0.06798589110018105
2025-10-27,Punjab,Kapurthala,4,2,2,0,19,0.09090909090909091,0.0,0.8636363636363636,-1,-0.06590149843005177
2025-10-27,Sikkim,South Sikkim,1,0,0,0,1,0.0,0.0,0.5,-1,-0.031962546669918934
2025-10-27,Sikkim,West,1,0,0,0,1,0.0,0.0,0.5,-1,-0.031962546669918934
2025-10-28,Assam,Cachar,32,41,41,15,54,0.36936936936936937,0.13513513513513514,0.4864864864864865,-1,-0.01559210493225105
2025-10-28,Gujarat,Amreli,3,1,1,0,4,0.16666666666666666,0.0,0.6666666666666666,-1,-0.03321327722669265
2025-10-28,Gujarat,Anand,7,2,2,0,6,0.2222222222222222,0.0,0.6666666666666666,-1,-0.027738854510293898
2025-10-28,Gujarat,Banaskantha,8,2,2,2,32,0.05405405405405406,0.05405405405405406,0.8648648648648649,-1,-0.0567324018465073
2025-10-28,Gujarat,Botad,1,0,0,0,1,0.0,0.0,0.5,-1,-0.031962546669918934
2025-10-28,Gujarat,Dahod,3,1,1,2,7,0.09090909090909091,0.18181818181818182,0.6363636363636364,-1,-0.01533706184266026
2025-10-28,Gujarat,Devbhumi Dwarka,3,0,0,0,6,0.0,0.0,0.8571428571428571,-1,-0.07184163478525674
2025-10-28,Gujarat,Patan,6,2,2,0,8,0.18181818181818182,0.0,0.7272727272727273,-1,-0.0442407511030074
2025-10-28,Gujarat,Porbandar,4,1,1,0,4,0.16666666666666666,0.0,0.6666666666666666,-1,-0.03225473848378135
2025-10-28,Gujarat,Rajkot,10,5,5,0,27,0.15151515151515152,0.0,0.8181818181818182,-1,-0.06306502103480027
2025-10-28,Maharashtra,Chhatrapati Sambhajinagar,5,2,2,0,3,0.3333333333333333,0.0,0.5,-1,-0.003925827183492103
2025-10-28,Meghalaya,East Khasi Hills,20,4,4,27,108,0.02857142857142857,0.19285714285714287,0.7714285714285715,-1,-0.061876320833759935
2025-10-28,Meghalaya,South West Khasi Hills,3,2,2,4,16,0.08695652173913043,0.17391304347826086,0.6956521739130435,-1,-0.02558234312776586
2025-10-28,Meghalaya,West Khasi Hills,2,2,2,8,76,0.022988505747126436,0.09195402298850575,0.8735632183908046,-1,-0.05643611327879927
2025-10-28,Mizoram,Serchhip,1,1,1,0,2,0.25,0.0,0.5,-1,-0.015814960326620664
2025-10-28,Odisha,Khorda,28,23,23,3,56,0.27710843373493976,0.03614457831325301,0.6746987951807228,-1,-0.048509972686539116
2025-10-29,Arunachal Pradesh,Tawang,1,0,0,0,2,0.0,0.0,0.6666666666666666,-1,-0.04793890482294638
2025-10-29,Assam,Baksa,15,5,5,6,57,0.07246376811594203,0.08695652173913043,0.8260869565217391,-1,-0.05869535756909339
2025-10-29,Assam,Golaghat,20,18,18,8,53,0.225,0.1,0.6625,-1,-0.02606373629869352
2025-10-29,Assam,West Karbi Anglong,4,0,0,1,12,0.0,0.07142857142857142,0.8571428571428571,-1,-0.05368900398076215
2025-10-29,Gujarat,Amreli,4,1,1,0,17,0.05263157894736842,0.0,0.8947368421052632,-1,-0.07144089747280014
2025-10-29,Gujarat,Anand,19,2,2,1,30,0.058823529411764705,0.029411764705882353,0.8823529411764706,-1,-0.073962262448524
2025-10-29,Gujarat,Botad,2,0,0,0,2,0.0,0.0,0.6666666666666666,-1,-0.04863532129208814
2025-10-29,Gujarat,Dahod,6,1,1,2,6,0.1,0.2,0.6,-1,-0.009730547096983733
2025-10-29,Gujarat,Devbhumi Dwarka,4,0,0,0,12,0.0,0.0,0.9230769230769231,-1,-0.07397246710390659
2025-10-29,Gujarat,Kachchh,5,1,1,0,4,0.16666666666666666,0.0,0.6666666666666666,-1,-0.03203492935994812
2025-10-29,Gujarat,Mahisagar,4,2,2,0,4,0.2857142857142857,0.0,0.5714285714285714,-1,-0.021170077989484226
2025-10-29,Gujarat,Morbi,7,1,1,0,17,0.05263157894736842,0.0,0.8947368421052632,-1,-0.06907126947864262
2025-10-29,Gujarat,Narmada,3,2,2,0,3,0.3333333333333333,0.0,0.5,-1,-0.005057369993636485
2025-10-29,Gujarat,Navsari,4,2,2,0,3,0.3333333333333333,0.0,0.5,-1,-0.004136905287587922
2025-10-29,Gujarat,Patan,3,1,1,0,6,0.125,0.0,0.75,-1,-0.059802149225923085
2025-10-29,Gujarat,Valsad,6,1,1,1,8,0.09090909090909091,0.09090909090909091,0.7272727272727273,-1,-0.03904490905047475
2025-10-29,Odisha,Kendrapara,21,15,15,0,23,0.38461538461538464,0.0,0.5897435897435898,-1,-0.03111863903917933
2025-10-29,Uttar Pradesh,Prayagraj,19,5,5,8,69,0.060240963855421686,0.0963855421686747,0.8313253012048193,-1,-0.06739804204174915
2025-10-30,Assam,Dima Hasao,2,0,0,0,2,0.0,0.0,0.6666666666666666,-1,-0.04863532129208814
2025-10-30,Meghalaya,North Garo Hills,5,1,1,8,44,0.018518518518518517,0.14814814814814814,0.8148148148148148,-1,-0.05512681571038014
2025-10-31,Assam,Kamrup Metro,31,51,51,19,49,0.425,0.15833333333333333,0.4083333333333333,-1,-0.004918921850519897
2025-10-31,Madhya Pradesh,Pandhurna,3,0,0,0,23,0.0,0.0,0.9583333333333334,-1,-0.0744798095367959
2025-10-31,Meghalaya,Ri Bhoi,12,6,6,20,82,0.05504587155963303,0.1834862385321101,0.7522935779816514,-1,-0.05150788139362672
2025-10-31,Mizoram,Aizawl,14,4,4,15,43,0.06349206349206349,0.23809523809523808,0.6825396825396826,-1,-0.03226531108250141
2025-11-01,Assam,Cachar,24,16,16,5,46,0.23529411764705882,0.07352941176470588,0.6764705882352942,-1,-0.038561448947500354
2025-11-01,Assam,Kamrup Metro,20,8,8,7,20,0.2222222222222222,0.19444444444444445,0.5555555555555556,-1,-0.005470967012310646
2025-11-01,Gujarat,Chhotaudepur,1,0,0,0,1,0.0,0.0,0.5,-1,-0.031962546669918934
2025-11-01,Gujarat,Devbhumi Dwarka,4,0,0,0,4,0.0,0.0,0.8,-1,-0.06931726143495698
2025-11-01,Gujarat,Jamnagar,2,1,1,0,4,0.16666666666666666,0.0,0.6666666666666666,-1,-0.0324868929297899
2025-11-01,Gujarat,Kheda,8,0,0,1,8,0.0,0.1,0.8,-1,-0.055494310920927825
2025-11-01,Gujarat,Morbi,2,2,2,0,3,0.3333333333333333,0.0,0.5,-1,-0.0006783778091038473
2025-11-01,Gujarat,Narmada,2,0,0,0,4,0.0,0.0,0.8,-1,-0.06668990716782097
2025-11-01,Gujarat,Sabarkantha,8,1,1,2,10,0.07142857142857142,0.14285714285714285,0.7142857142857143,-1,-0.027613911249733558
2025-11-01,Maharashtra,Dhule,13,11,11,5,35,0.21153846153846154,0.09615384615384616,0.6730769230769231,-1,-0.01857907468209885
2025-11-01,Uttar Pradesh,Azamgarh,37,5,5,96,11,0.04424778761061947,0.8495575221238938,0.09734513274336283,-1,-0.032211572578540903
2025-11-02,Karnataka,Bengaluru,90,246,246,97,69,0.5956416464891041,0.23486682808716708,0.16707021791767554,-1,-0.00010100075108399054
2025-11-02,Mizoram,Lunglei,8,7,7,0,25,0.21212121212121213,0.0,0.7575757575757576,-1,-0.04521010209033771
2025-11-03,Andhra Pradesh,Sri Potti Sriramulu Nellore,17,7,7,8,15,0.22580645161290322,0.25806451612903225,0.4838709677419355,-1,-0.001126150509536683
2025-11-03,Arunachal Pradesh,Upper Subansiri,1,0,0,0,2,0.0,0.0,0.6666666666666666,-1,-0.04793890482294638
2025-11-03,Assam,Golaghat,15,8,8,10,35,0.14814814814814814,0.18518518518518517,0.6481481481481481,-1,-0.016119366157734905
2025-11-03,Chhattisgarh,Bijapur,6,7,7,5,73,0.08139534883720931,0.05813953488372093,0.8488372093023255,-1,-0.05067168479284334
2025-11-03,Gujarat,Botad,5,2,2,0,8,0.18181818181818182,0.0,0.7272727272727273,-1,-0.044727970657062355
2025-11-03,Karnataka,Bengaluru,61,34,34,45,62,0.23943661971830985,0.31690140845070425,0.43661971830985913,-1,-0.04442617492698242
2025-11-03,Karnataka,Kalaburagi,11,6,6,1,43,0.11764705882352941,0.0196078431372549,0.8431372549019608,-1,-0.06343011110764551
2025-11-03,Kerala,Ernakulam,42,29,29,6,22,0.5,0.10344827586206896,0.3793103448275862,-1,-0.017796440509033284
2025-11-03,Madhya Pradesh,Pandhurna,1,0,0,0,1,0.0,0.0,0.5,-1,-0.031962546669918934
2025-11-03,Meghalaya,East Jaintia Hills,2,1,1,3,19,0.041666666666666664,0.125,0.7916666666666666,-1,-0.053114942864945225
2025-11-03,Meghalaya,East Khasi Hills,22,7,7,27,152,0.0374331550802139,0.1443850267379679,0.8128342245989305,-1,-0.06939923152268512
2025-11-03,Meghalaya,South West Khasi Hills,3,0,0,4,23,0.0,0.14285714285714285,0.8214285714285714,-1,-0.05665570544459364
2025-11-03,Meghalaya,West Garo Hills,8,11,11,10,50,0.1527777777777778,0.1388888888888889,0.6944444444444444,-1,-0.013787164560722376
2025-11-03,Meghalaya,West Jaintia Hills,3,0,0,4,12,0.0,0.23529411764705882,0.7058823529411765,-1,-0.0326660540949405
2025-11-03,Meghalaya,West Khasi Hills,2,0,0,5,8,0.0,0.35714285714285715,0.5714285714285714,-1,-0.015933630257645603
2025-11-03,Punjab,Kapurthala,8,5,5,5,20,0.16129032258064516,0.16129032258064516,0.6451612903225806,-1,-0.007287691562120502
2025-11-05,Jammu and Kashmir,Srinagar,19,27,27,5,42,0.36,0.06666666666666667,0.56,-1,-0.011637501635586522
2025-11-05,Meghalaya,East Garo Hills,3,6,6,17,32,0.10714285714285714,0.30357142857142855,0.5714285714285714,-1,-0.001403734694901848
2025-11-05,Meghalaya,East Jaintia Hills,2,1,1,15,10,0.037037037037037035,0.5555555555555556,0.37037037037037035,-1,-0.010436266787121506
2025-11-05,Meghalaya,Ri Bhoi,8,6,6,11,120,0.043478260869565216,0.07971014492753623,0.8695652173913043,-1,-0.056134375469007236
2025-11-06,Andhra Pradesh,Sri Potti Sriramulu Nellore,24,9,9,19,15,0.20454545454545456,0.4318181818181818,0.3409090909090909,-1,-0.010275930623160234
2025-11-06,Assam,Bajali,2,0,0,0,2,0.0,0.0,0.6666666666666666,-1,-0.04863532129208814
2025-11-06,Assam,Dibrugarh,19,9,9,11,66,0.10344827586206896,0.12643678160919541,0.7586206896551724,-1,-0.05509934335393463
2025-11-06,Assam,West Karbi Anglong,5,2,2,4,28,0.05714285714285714,0.11428571428571428,0.8,-1,-0.04952907328655454
2025-11-06,Gujarat,Chhotaudepur,8,4,4,2,18,0.16,0.08,0.72,-1,-0.025195980409303376
2025-11-06,Gujarat,Junagadh,22,33,33,1,31,0.5,0.015151515151515152,0.4696969696969697,-1,-0.004276161768518194
2025-11-06,Kerala,Ernakulam,52,42,42,19,29,0.46153846153846156,0.2087912087912088,0.31868131868131866,-1,-0.0016292917683699004
2025-11-06,Meghalaya,East Jaintia Hills,2,0,0,6,16,0.0,0.2608695652173913,0.6956521739130435,-1,-0.02968768903691177
2025-11-06,Mizoram,Saitual,1,0,0,0,1,0.0,0.0,0.5,-1,-0.031962546669918934
2025-11-07,Andhra Pradesh,Sri Potti Sriramulu Nellore,24,9,9,17,21,0.1875,0.3541666666666667,0.4375,-1,-0.02471225413701439
2025-11-07,Andhra Pradesh,Tirupati,22,4,4,9,22,0.1111111111111111,0.25,0.6111111111111112,-1,-0.03168644734803605
2025-11-07,Assam,Sibsagar,16,17,17,5,44,0.2537313432835821,0.07462686567164178,0.6567164179104478,-1,-0.018560900010251458
2025-11-07,Gujarat,Arvalli,6,2,2,0,6,0.2222222222222222,0.0,0.6666666666666666,-1,-0.027738854510293898
2025-11-07,Gujarat,Chhotaudepur,6,0,0,1,35,0.0,0.02702702702702703,0.9459459459459459,-1,-0.06456220655773404
2025-11-07,Gujarat,Tapi,12,12,12,1,36,0.24,0.02,0.72,-1,-0.043839609050206674
2025-11-07,Karnataka,Bengaluru,66,63,63,36,45,0.43448275862068964,0.2482758620689655,0.3103448275862069,-1,-0.011707181591007365
2025-11-07,Meghalaya,East Khasi Hills,6,0,0,11,18,0.0,0.36666666666666664,0.6,-1,-0.02934016077506718
2025-11-07,Nagaland,Chumukedima,3,0,0,1,3,0.0,0.2,0.6,-1,-0.02602732144606723
2025-11-07,Nagaland,Kohima,4,0,0,0,7,0.0,0.0,0.875,-1,-0.07133607670159992
2025-11-07,Nagaland,Mokokchung,3,0,0,2,3,0.0,0.3333333333333333,0.5,-1,-0.016503968122272283
2025-11-07,Nagaland,Mon,3,1,1,4,14,0.05,0.2,0.7,-1,-0.02877674132855179
2025-11-07,Nagaland,Peren,2,0,0,0,8,0.0,0.0,0.8888888888888888,-1,-0.07031861379315463
2025-11-07,Nagaland,Tseminyu,1,0,0,0,2,0.0,0.0,0.6666666666666666,-1,-0.04793890482294638
2025-11-07,Nagaland,Wokha,2,1,1,1,5,0.125,0.125,0.625,-1,-0.015550998212513156
2025-11-07,Nagaland,Zunheboto,1,0,0,0,1,0.0,0.0,0.5,-1,-0.031962546669918934
2025-11-08,Assam,Kamrup Metro,33,28,28,24,46,0.2828282828282828,0.24242424242424243,0.46464646464646464,-1,-0.025354609147884455
2025-11-08,Gujarat,Gandhinagar,36,49,49,7,127,0.266304347826087,0.03804347826086957,0.6902173913043478,-1,-0.05599919452501945
2025-11-08,Maharashtra,Pune,101,262,262,63,61,0.6770025839793282,0.16279069767441862,0.15762273901808785,-1,-0.007655513946531856
2025-11-08,Meghalaya,East Khasi Hills,9,4,4,17,31,0.07547169811320754,0.32075471698113206,0.5849056603773585,-1,-0.01975970621680101
2025-11-08,Meghalaya,West Garo Hills,6,26,26,8,56,0.2857142857142857,0.08791208791208792,0.6153846153846154,-1,-0.0022859666115359056
2025-11-08,Nagaland,Chumukedima,3,1,1,2,7,0.09090909090909091,0.18181818181818182,0.6363636363636364,-1,-0.01533706184266026
2025-11-08,Nagaland,Kohima,5,1,1,0,15,0.058823529411764705,0.0,0.8823529411764706,-1,-0.0650513207540282
2025-11-08,Nagaland,Longleng,1,0,0,7,7,0.0,0.4666666666666667,0.4666666666666667,-1,-0.00924653798523467
2025-11-08,Nagaland,Mokokchung,5,0,0,2,8,0.0,0.18181818181818182,0.7272727272727273,-1,-0.04823761363194323
2025-11-08,Nagaland,Noklak,1,2,2,5,11,0.10526315789473684,0.2631578947368421,0.5789473684210527,-1,-0.005046987700430217
2025-11-08,Nagaland,Peren,1,2,2,1,7,0.18181818181818182,0.09090909090909091,0.6363636363636364,-1,-0.01692013055972985
2025-11-08,Nagaland,Shamator,1,0,0,2,4,0.0,0.2857142857142857,0.5714285714285714,-1,-0.012952608143097732
2025-11-08,Nagaland,Zunheboto,3,0,0,3,4,0.0,0.375,0.5,-1,-0.015169858102002887
2025-11-09,Nagaland,Meluri,1,0,0,0,1,0.0,0.0,0.5,-1,-0.031962546669918934
2025-11-09,Nagaland,Mokokchung,1,0,0,0,1,0.0,0.0,0.5,-1,-0.031962546669918934
2025-11-09,Nagaland,Mon,4,0,0,2,10,0.0,0.15384615384615385,0.7692307692307693,-1,-0.05073432148249013
2025-11-09,Nagaland,Shamator,1,0,0,0,2,0.0,0.0,0.6666666666666666,-1,-0.04793890482294638
2025-11-09,Nagaland,Tseminyu,1,0,0,0,2,0.0,0.0,0.6666666666666666,-1,-0.04793890482294638
2025-11-10,Andhra Pradesh,Sri Potti Sriramulu Nellore,16,5,5,1,15,0.22727272727272727,0.045454545454545456,0.6818181818181818,-1,-0.029817007602183754
2025-11-10,Assam,Dhemaji,9,22,22,2,59,0.2619047619047619,0.023809523809523808,0.7023809523809523,-1,-0.02441611716878267
2025-11-10,Assam,Kamrup Metro,23,23,23,18,58,0.23,0.18,0.58,-1,-0.017420813937732427
2025-11-10,Chhattisgarh,Bijapur,4,14,14,4,27,0.30434782608695654,0.08695652173913043,0.5869565217391305,-1,-0.0024001315216733987
2025-11-10,Meghalaya,East Jaintia Hills,2,0,0,3,47,0.0,0.058823529411764705,0.9215686274509803,-1,-0.05878367107313287
2025-11-10,Meghalaya,East Khasi Hills,18,13,13,30,81,0.104,0.24,0.648,-1,-0.030252221368498478
2025-11-10,Meghalaya,Ri Bhoi,8,4,4,1,73,0.05063291139240506,0.012658227848101266,0.9240506329113924,-1,-0.06958162531316092
2025-11-10,Meghalaya,West Jaintia Hills,3,1,1,3,7,0.08333333333333333,0.25,0.5833333333333334,-1,-0.004172976859416644
2025-11-10,Punjab,Kapurthala,9,9,9,3,26,0.23076923076923078,0.07692307692307693,0.6666666666666666,-1,-0.015773193855460388
2025-11-11,Arunachal Pradesh,West Kameng,1,0,0,0,1,0.0,0.0,0.5,-1,-0.031962546669918934
2025-11-11,Assam,West Karbi Anglong,5,2,2,3,25,0.06451612903225806,0.0967741935483871,0.8064516129032258,-1,-0.05297164834084189
2025-11-11,Gujarat,Tapi,13,14,14,0,21,0.3888888888888889,0.0,0.5833333333333334,-1,-0.015657232593326076
2025-11-11,Maharashtra,Pune,100,193,193,51,44,0.6678200692041523,0.17647058823529413,0.1522491349480969,-1,-0.004669695217826453
2025-11-11,Meghalaya,East Khasi Hills,21,16,16,40,104,0.09937888198757763,0.2484472049689441,0.6459627329192547,-1,-0.035044317439145045
2025-11-11,Meghalaya,Ri Bhoi,9,2,2,20,19,0.047619047619047616,0.47619047619047616,0.4523809523809524,-1,-0.019870528335650506
2025-11-11,Meghalaya,South West Garo Hills,3,3,3,5,31,0.075,0.125,0.775,-1,-0.046217372793287415
2025-11-11,Meghalaya,West Jaintia Hills,5,7,7,9,48,0.1076923076923077,0.13846153846153847,0.7384615384615385,-1,-0.03393491329475384
2025-11-11,Mizoram,Champhai,3,2,2,0,3,0.3333333333333333,0.0,0.5,-1,-0.005057369993636485
2025-11-11,Mizoram,Khawzawl,2,0,0,0,4,0.0,0.0,0.8,-1,-0.06668990716782097
2025-11-11,Mizoram,Saiha,2,4,4,0,12,0.23529411764705882,0.0,0.7058823529411765,-1,-0.02818807431110204
2025-11-11,Punjab,Kapurthala,6,7,7,1,30,0.1794871794871795,0.02564102564102564,0.7692307692307693,-1,-0.039469860794877576
2025-11-12,Assam,Darrang,16,23,23,15,216,0.09019607843137255,0.058823529411764705,0.8470588235294118,-1,-0.06318051022505022
2025-11-12,Assam,Dhemaji,11,29,29,11,58,0.29292929292929293,0.1111111111111111,0.5858585858585859,-1,-0.0036388336941692856
2025-11-12,Assam,Kamrup Metro,29,11,11,10,59,0.13580246913580246,0.12345679012345678,0.7283950617283951,-1,-0.054997301693058165
2025-11-12,Assam,Kokrajhar,10,16,16,6,60,0.1927710843373494,0.07228915662650602,0.7228915662650602,-1,-0.031802189635026346
2025-11-12,Gujarat,Chhotaudepur,10,16,16,3,35,0.2909090909090909,0.05454545454545454,0.6363636363636364,-1,-0.011912895907053023
2025-11-12,Karnataka,Bengaluru,54,70,70,86,74,0.30303030303030304,0.3722943722943723,0.3203463203463203,-1,-0.026383488623206497
2025-11-12,Madhya Pradesh,Gwalior,16,46,46,18,128,0.23834196891191708,0.09326424870466321,0.6632124352331606,-1,-0.022414481426302757
2025-11-12,Madhya Pradesh,Maihar,3,1,1,0,2,0.25,0.0,0.5,-1,-0.016003428176144197
2025-11-12,Maharashtra,Dharashiv,2,1,1,0,2,0.25,0.0,0.5,-1,-0.013568767569765994
2025-11-12,Meghalaya,East Garo Hills,2,1,1,8,14,0.041666666666666664,0.3333333333333333,0.5833333333333334,-1,-0.020373303069834314
2025-11-12,Meghalaya,East Khasi Hills,20,9,9,36,144,0.04736842105263158,0.18947368421052632,0.7578947368421053,-1,-0.05899154316216737
2025-11-12,Meghalaya,West Khasi Hills,4,4,4,12,135,0.02631578947368421,0.07894736842105263,0.8881578947368421,-1,-0.05924028199992326
2025-11-12,Punjab,Kapurthala,10,9,9,2,21,0.2727272727272727,0.06060606060606061,0.6363636363636364,-1,-0.014242745371661925
2025-11-12,Rajasthan,Deeg,1,0,0,0,1,0.0,0.0,0.5,-1,-0.031962546669918934
2025-11-12,Rajasthan,Jaipur,68,108,108,87,106,0.3576158940397351,0.28807947019867547,0.3509933774834437,-1,-0.027396701230465448
2025-11-12,Tripura,Khowai,4,2,2,2,17,0.09090909090909091,0.09090909090909091,0.7727272727272727,-1,-0.0444038966319793
2025-11-13,Arunachal Pradesh,Tawang,2,0,0,0,3,0.0,0.0,0.75,-1,-0.06468364904043278
2025-11-13,Assam,Darrang,11,13,13,7,91,0.11607142857142858,0.0625,0.8125,-1,-0.05462894244452532
2025-11-13,Assam,Kamrup Metro,25,11,11,13,89,0.09649122807017543,0.11403508771929824,0.7807017543859649,-1,-0.0621090609094479
2025-11-13,Gujarat,Kachchh,30,49,49,10,63,0.3983739837398374,0.08130081300813008,0.5121951219512195,-1,-0.013857039042681318
2025-11-13,Karnataka,Bengaluru,70,102,102,63,58,0.45535714285714285,0.28125,0.25892857142857145,-1,-0.005853404259615114
2025-11-13,Kerala,Ernakulam,45,42,42,15,29,0.4827586206896552,0.1724137931034483,0.3333333333333333,-1,-0.000898821773025138
2025-11-13,Madhya Pradesh,Narmadapuram,5,3,3,0,8,0.25,0.0,0.6666666666666666,-1,-0.02758324622105368
2025-11-13,Meghalaya,East Khasi Hills,20,13,13,14,101,0.10077519379844961,0.10852713178294573,0.7829457364341085,-1,-0.057630412780956264
2025-11-13,Meghalaya,South Garo Hills,4,0,0,7,51,0.0,0.11864406779661017,0.864406779661017,-1,-0.05665570544459364
2025-11-13,Meghalaya,West Jaintia Hills,4,8,8,2,52,0.12698412698412698,0.031746031746031744,0.8253968253968254,-1,-0.05131544788468323
2025-11-13,Nagaland,Chumukedima,2,0,0,0,3,0.0,0.0,0.75,-1,-0.06468364904043278
2025-11-13,Nagaland,Peren,2,0,0,0,2,0.0,0.0,0.6666666666666666,-1,-0.04863532129208814
2025-11-13,Punjab,Kapurthala,12,10,10,3,33,0.2127659574468085,0.06382978723404255,0.7021276595744681,-1,-0.019448837849620593
2025-11-13,Rajasthan,Bharatpur,28,43,43,33,53,0.33076923076923076,0.25384615384615383,0.4076923076923077,-1,-0.00963724297091284
2025-11-13,Rajasthan,Bundi,15,10,10,4,26,0.24390243902439024,0.0975609756097561,0.6341463414634146,-1,-0.019116286130079985
2025-11-13,Rajasthan,Deeg,5,0,0,0,11,0.0,0.0,0.9166666666666666,-1,-0.07108941810444724
2025-11-13,Rajasthan,Dholpur,13,16,16,14,59,0.17777777777777778,0.15555555555555556,0.6555555555555556,-1,-0.01478001347707969
2025-11-13,Rajasthan,Jaipur,70,98,98,60,205,0.2692307692307692,0.16483516483516483,0.5631868131868132,-1,-0.04921211470609144
2025-11-13,Rajasthan,Jhunjhunun,33,27,27,12,26,0.4090909090909091,0.18181818181818182,0.3939393939393939,-1,-0.0054726396669446675
2025-11-13,Rajasthan,Jodhpur,38,73,73,65,240,0.19261213720316622,0.17150395778364116,0.633245382585752,-1,-0.04345181450140967
2025-11-13,Rajasthan,Nagaur,42,58,58,29,71,0.36477987421383645,0.18238993710691823,0.44654088050314467,-1,-0.023137097913977445
2025-11-13,Rajasthan,Sikar,45,42,42,11,87,0.2978723404255319,0.07801418439716312,0.6170212765957447,-1,-0.04987566377145125
2025-11-13,Rajasthan,Sirohi,17,14,14,14,135,0.08536585365853659,0.08536585365853659,0.823170731707317,-1,-0.06203501953111401
2025-11-13,Rajasthan,Udaipur,33,55,55,37,80,0.3179190751445087,0.2138728323699422,0.4624277456647399,-1,-0.02276247225892969
2025-11-13,Uttar Pradesh,Prayagraj,15,5,5,4,26,0.1388888888888889,0.1111111111111111,0.7222222222222222,-1,-0.037854158054995146
2025-11-14,Assam,Darrang,10,25,25,9,52,0.28735632183908044,0.10344827586206896,0.5977011494252874,-1,-0.007325474399400789
2025-11-14,Meghalaya,East Garo Hills,5,2,2,4,56,0.031746031746031744,0.06349206349206349,0.8888888888888888,-1,-0.061064867199024486
2025-11-14,Meghalaya,East Jaintia Hills,2,1,1,4,8,0.07142857142857142,0.2857142857142857,0.5714285714285714,-1,-0.0042693570448066875
2025-11-14,Punjab,Gurdaspur,19,16,16,3,32,0.3076923076923077,0.057692307692307696,0.6153846153846154,-1,-0.02524489211604164
2025-11-14,Sikkim,West Sikkim,1,0,0,0,1,0.0,0.0,0.5,-1,-0.031962546669918934
2025-11-16,Assam,Kamrup Metro,29,25,25,21,93,0.17857142857142858,0.15,0.6642857142857143,-1,-0.043440301291923
2025-11-16,Nagaland,Niuland,1,0,0,0,1,0.0,0.0,0.5,-1,-0.031962546669918934
2025-11-17,Andhra Pradesh,Sri Potti Sriramulu Nellore,22,4,4,15,14,0.11764705882352941,0.4411764705882353,0.4117647058823529,-1,-0.025724240629586892
2025-11-17,Assam,North Cachar Hills,1,0,0,0,21,0.0,0.0,0.9545454545454546,-1,-0.070610457141846
2025-11-17,Chhattisgarh,Bijapur,5,14,14,3,40,0.2413793103448276,0.05172413793103448,0.6896551724137931,-1,-0.01273211721563694
2025-11-17,Madhya Pradesh,Sagar,23,84,84,10,105,0.42,0.05,0.525,-1,-0.004462965377000416
2025-11-17,Meghalaya,East Garo Hills,2,0,0,2,8,0.0,0.18181818181818182,0.7272727272727273,-1,-0.04476455528281209
2025-11-17,Meghalaya,East Jaintia Hills,2,0,0,0,6,0.0,0.0,0.8571428571428571,-1,-0.06920537730742526
2025-11-17,Meghalaya,East Khasi Hills,14,4,4,8,34,0.0851063829787234,0.1702127659574468,0.723404255319149,-1,-0.04688606162760378
2025-11-17,Meghalaya,South West Garo Hills,3,1,1,0,17,0.05263157894736842,0.0,0.8947368421052632,-1,-0.0719465265007535
2025-11-17,Meghalaya,South West Khasi Hills,3,2,2,0,13,0.125,0.0,0.8125,-1,-0.06429406200391663
2025-11-17,Meghalaya,West Garo Hills,6,3,3,6,51,0.04918032786885246,0.09836065573770492,0.8360655737704918,-1,-0.05461358997597088
2025-11-17,Meghalaya,West Jaintia Hills,1,0,0,5,14,0.0,0.25,0.7,-1,-0.029923427989452023
2025-11-17,Meghalaya,West Khasi Hills,2,0,0,3,3,0.0,0.42857142857142855,0.42857142857142855,-1,-0.005840771452633731
2025-11-17,Mizoram,Champhai,2,0,0,2,3,0.0,0.3333333333333333,0.5,-1,-0.009808770410424716
2025-11-17,Nagaland,Peren,1,0,0,0,1,0.0,0.0,0.5,-1,-0.031962546669918934
2025-11-17,Nagaland,Shamator,1,0,0,0,2,0.0,0.0,0.6666666666666666,-1,-0.04793890482294638
2025-11-17,Odisha,Khorda,19,20,20,5,32,0.3448275862068966,0.08620689655172414,0.5517241379310345,-1,-0.008526006459185442
2025-11-17,Sikkim,Namchi,1,0,0,0,1,0.0,0.0,0.5,-1,-0.031962546669918934
2025-11-18,Meghalaya,East Jaintia Hills,2,0,0,2,4,0.0,0.2857142857142857,0.5714285714285714,-1,-0.011074799215623932
2025-11-18,Meghalaya,East Khasi Hills,19,9,9,14,83,0.08411214953271028,0.1308411214953271,0.7757009345794392,-1,-0.055593912168831694
2025-11-18,Meghalaya,North Garo Hills,5,2,2,4,54,0.03278688524590164,0.06557377049180328,0.8852459016393442,-1,-0.061064867199024486
2025-11-18,Meghalaya,Ri Bhoi,7,8,8,4,98,0.07207207207207207,0.036036036036036036,0.8828828828828829,-1,-0.05461358997597088
2025-11-18,Meghalaya,West Jaintia Hills,3,4,4,4,37,0.08695652173913043,0.08695652173913043,0.8043478260869565,-1,-0.051675578835767566
2025-11-18,Mizoram,Saiha,2,1,1,0,2,0.25,0.0,0.5,-1,-0.013568767569765994
2025-11-19,Arunachal Pradesh,Anjaw,1,1,1,0,3,0.2,0.0,0.6,-1,-0.027609989767195753
2025-11-19,Arunachal Pradesh,East Kameng,2,1,1,1,13,0.0625,0.0625,0.8125,-1,-0.05434183501865597
2025-11-19,Arunachal Pradesh,Kamle,1,0,0,0,2,0.0,0.0,0.6666666666666666,-1,-0.04793890482294638
2025-11-19,Arunachal Pradesh,Kra Daadi,1,1,1,0,4,0.16666666666666666,0.0,0.6666666666666666,-1,-0.03334286222239513
2025-11-19,Arunachal Pradesh,Kurung Kumey,1,0,0,1,12,0.0,0.07142857142857142,0.8571428571428571,-1,-0.050672383700209433
2025-11-19,Arunachal Pradesh,Leparada,1,0,0,0,1,0.0,0.0,0.5,-1,-0.031962546669918934
2025-11-19,Arunachal Pradesh,Lower Dibang Valley,1,0,0,1,2,0.0,0.25,0.5,-1,-0.004045743520228462
2025-11-19,Arunachal Pradesh,Lower Siang,1,0,0,0,3,0.0,0.0,0.75,-1,-0.06397180132219027
2025-11-19,Arunachal Pradesh,Pakke Kessang,1,0,0,0,1,0.0,0.0,0.5,-1,-0.031962546669918934
2025-11-19,Arunachal Pradesh,Shi-Yomi,1,0,0,2,5,0.0,0.25,0.625,-1,-0.02138291787346913
2025-11-19,Arunachal Pradesh,Siang,2,0,0,0,4,0.0,0.0,0.8,-1,-0.06668990716782097
2025-11-19,Arunachal Pradesh,Upper Siang,1,0,0,0,1,0.0,0.0,0.5,-1,-0.031962546669918934
2025-11-19,Arunachal Pradesh,Upper Subansiri,1,0,0,0,9,0.0,0.0,0.9,-1,-0.07010573177440016
2025-11-19,Arunachal Pradesh,West Kameng,4,0,0,1,6,0.0,0.125,0.75,-1,-0.05221016340883311
2025-11-19,Arunachal Pradesh,West Siang,1,0,0,0,2,0.0,0.0,0.6666666666666666,-1,-0.04793890482294638
2025-11-19,Assam,Kamrup Metro,35,48,48,38,96,0.26229508196721313,0.20765027322404372,0.5245901639344263,-1,-0.03201004282746911
2025-11-19,Assam,Sonitpur,31,117,117,34,141,0.3993174061433447,0.11604095563139932,0.4812286689419795,-1,-0.006898673858211191
2025-11-19,Goa,North Goa,21,14,14,1,17,0.42424242424242425,0.030303030303030304,0.5151515151515151,-1,-0.004097596175995255
2025-11-19,Karnataka,Bengaluru,95,312,312,73,104,0.636734693877551,0.1489795918367347,0.21224489795918366,-1,-0.018050925925203076
2025-11-19,Kerala,Kozhikode,69,144,144,56,106,0.46905537459283386,0.18241042345276873,0.34527687296416937,-1,-0.016064860934003944
2025-11-19,Kerala,Thiruvananthapuram,106,125,125,26,237,0.3213367609254499,0.06683804627249357,0.609254498714653,-1,-0.08139456677442414
2025-11-19,Kerala,Thrissur,142,180,180,29,332,0.33210332103321033,0.05350553505535055,0.6125461254612546,-1,-0.08785815353755744
2025-11-19,Ladakh,Leh,1,0,0,0,1,0.0,0.0,0.5,-1,-0.031962546669918934
2025-11-19,Madhya Pradesh,Pandhurna,1,0,0,0,1,0.0,0.0,0.5,-1,-0.031962546669918934
2025-11-19,Maharashtra,Chhatrapati Sambhajinagar,14,6,6,2,27,0.16666666666666666,0.05555555555555555,0.75,-1,-0.039118615763489184
2025-11-19,Maharashtra,Mumbai City,31,84,84,8,99,0.4375,0.041666666666666664,0.515625,-1,-0.017425695795670437
2025-11-19,Maharashtra,Pune,119,564,564,101,111,0.7258687258687259,0.12998712998713,0.14285714285714285,-1,-0.007018010682230957
2025-11-19,Meghalaya,East Jaintia Hills,5,0,0,2,13,0.0,0.125,0.8125,-1,-0.05632785177313726
2025-11-19,Meghalaya,East Khasi Hills,34,17,17,22,209,0.06827309236947791,0.08835341365461848,0.8393574297188755,-1,-0.07599366571770128
2025-11-19,Meghalaya,North Garo Hills,6,0,0,2,14,0.0,0.11764705882352941,0.8235294117647058,-1,-0.0540172937600063
2025-11-19,Meghalaya,South Garo Hills,4,3,3,4,16,0.125,0.16666666666666666,0.6666666666666666,-1,-0.019167349771406106
2025-11-19,Meghalaya,South West Khasi Hills,3,4,4,2,17,0.16666666666666666,0.08333333333333333,0.7083333333333334,-1,-0.013186200686473804
2025-11-19,Nagaland,Peren,1,0,0,0,1,0.0,0.0,0.5,-1,-0.031962546669918934
2025-11-19,Nagaland,Tseminyu,2,0,0,2,2,0.0,0.4,0.4,-1,-5.7012822738178315e-05
2025-11-25,Delhi,South East Delhi,1,1,1,0,2,0.25,0.0,0.5,-1,-0.015814960326620664
2025-11-25,Maharashtra,Chatrapati Sambhaji Nagar,2,2,2,0,6,0.2222222222222222,0.0,0.6666666666666666,-1,-0.02866442916868117
2025-11-25,Maharashtra,Chhatrapati Sambhajinagar,15,9,9,3,30,0.20930232558139536,0.06976744186046512,0.6976744186046512,-1,-0.02248297374075081
2025-11-25,Maharashtra,Dharashiv,1,0,0,0,1,0.0,0.0,0.5,-1,-0.031962546669918934
2025-11-25,Meghalaya,East Khasi Hills,20,16,16,25,80,0.13114754098360656,0.20491803278688525,0.6557377049180327,-1,-0.02840011903792461
2025-11-25,Meghalaya,South Garo Hills,5,2,2,4,88,0.021052631578947368,0.042105263157894736,0.9263157894736842,-1,-0.06707046664307759
2025-11-25,Meghalaya,West Jaintia Hills,3,5,5,4,48,0.08620689655172414,0.06896551724137931,0.8275862068965517,-1,-0.04774953323745568
2025-11-25,Mizoram,Saiha,1,0,0,0,1,0.0,0.0,0.5,-1,-0.031962546669918934
2025-11-25,Nagaland,Shamator,1,0,0,0,1,0.0,0.0,0.5,-1,-0.031962546669918934
2025-11-25,Nagaland,Tuensang,1,0,0,0,2,0.0,0.0,0.6666666666666666,-1,-0.04793890482294638
2025-12-15,Assam,Tinsukia,25,63,63,37,363,0.13577586206896552,0.07974137931034483,0.7823275862068966,-1,-0.054051745464819057
2025-12-15,Assam,West Karbi Anglong,3,2,2,0,9,0.16666666666666666,0.0,0.75,-1,-0.05137513571348162
2025-12-15,Meghalaya,East Garo Hills,2,0,0,1,4,0.0,0.16666666666666666,0.6666666666666666,-1,-0.03349965173010805
2025-12-15,Meghalaya,East Jaintia Hills,2,2,2,0,14,0.11764705882352941,0.0,0.8235294117647058,-1,-0.0651416170135114
2025-12-15,Meghalaya,Eastern West Khasi Hills,2,0,0,2,62,0.0,0.03076923076923077,0.9538461538461539,-1,-0.06326936313509368
2025-12-15,Meghalaya,North Garo Hills,5,1,1,2,137,0.0070921985815602835,0.014184397163120567,0.9716312056737588,-1,-0.06908319307175215
2025-12-15,Meghalaya,Ri Bhoi,7,1,1,6,81,0.011235955056179775,0.06741573033707865,0.9101123595505618,-1,-0.05659255813535802
2025-12-15,Meghalaya,South West Khasi Hills,3,4,4,1,12,0.2222222222222222,0.05555555555555555,0.6666666666666666,-1,-0.01346646457435463
2025-12-15,Meghalaya,West Khasi Hills,2,4,4,6,66,0.05194805194805195,0.07792207792207792,0.8571428571428571,-1,-0.05540365005300485
2025-12-15,Mizoram,Lunglei,3,5,5,0,7,0.38461538461538464,0.0,0.5384615384615384,-1,-0.005540619334305719
2025-12-15,West Bengal,Alipurduar,23,15,15,11,104,0.11450381679389313,0.08396946564885496,0.7938931297709924,-1,-0.060613146984905386
2025-12-15,West Bengal,Cooch Behar,34,57,57,25,75,0.36075949367088606,0.15822784810126583,0.47468354430379744,-1,-0.01887356975171417
2025-12-15,West Bengal,Darjeeling,45,73,73,33,162,0.27137546468401486,0.12267657992565056,0.6022304832713755,-1,-0.04833352001361124
2025-12-15,West Bengal,Hooghly,92,292,292,111,210,0.4755700325732899,0.18078175895765472,0.34201954397394135,-1,-0.04054994083546937
2025-12-15,West Bengal,Howrah,50,119,119,57,90,0.44569288389513106,0.21348314606741572,0.33707865168539325,-1,-0.005400580676155897
2025-12-15,West Bengal,Jalpaiguri,61,84,84,94,167,0.24277456647398843,0.27167630057803466,0.48265895953757226,-1,-0.03980142432035183
2025-12-15,West Bengal,Kalimpong,12,2,2,0,62,0.03076923076923077,0.0,0.9538461538461539,-1,-0.0822592468907628
2025-12-15,West Bengal,Kolkata,64,121,121,62,230,0.2922705314009662,0.1497584541062802,0.5555555555555556,-1,-0.04578730309689494
2025-12-15,West Bengal,Nadia,70,222,222,72,324,0.35864297253634897,0.11631663974151858,0.5234248788368336,-1,-0.044052583623308106
2025-12-15,West Bengal,North 24 Parganas,140,400,400,122,839,0.2936857562408223,0.08957415565345081,0.6160058737151248,-1,-0.08527968894531446
2025-12-15,West Bengal,Paschim Bardhaman,42,29,29,6,53,0.3258426966292135,0.06741573033707865,0.5955056179775281,-1,-0.049948484683388195
2025-12-15,West Bengal,Purba Bardhaman,51,54,54,11,78,0.375,0.0763888888888889,0.5416666666666666,-1,-0.0401962850589096
2025-12-24,Andhra Pradesh,Sri Potti Sriramulu Nellore,20,10,10,2,17,0.3333333333333333,0.06666666666666667,0.5666666666666667,-1,-0.018039114921058808
2025-12-24,Assam,Charaideo,9,6,6,3,18,0.21428571428571427,0.10714285714285714,0.6428571428571429,-1,-0.007336955107342669
2025-12-24,Assam,Goalpara,10,22,22,11,67,0.21782178217821782,0.10891089108910891,0.6633663366336634,-1,-0.012114076870007207
2025-12-24,Dadra and Nagar Haveli and Daman and Diu,Daman,4,1,1,0,5,0.14285714285714285,0.0,0.7142857142857143,-1,-0.03547415031433687
2025-12-24,Karnataka,Bengaluru,83,155,155,49,58,0.5893536121673004,0.18631178707224336,0.22053231939163498,-1,-0.0010246220724275945
2025-12-24,Madhya Pradesh,Niwari,3,2,2,0,7,0.2,0.0,0.7,-1,-0.03034154781880105
2025-12-24,Maharashtra,Pune,106,314,314,58,49,0.7440758293838863,0.13744075829383887,0.11611374407582939,-1,-3.0177958376120806e-05
2025-12-24,Meghalaya,Eastern West Khasi Hills,1,0,0,5,196,0.0,0.024752475247524754,0.9702970297029703,-1,-0.0645593752894974
2025-12-24,Meghalaya,West Khasi Hills,2,0,0,4,7,0.0,0.3333333333333333,0.5833333333333334,-1,-0.020558641943918876
2025-12-24,Odisha,Khorda,36,49,49,8,36,0.5212765957446809,0.0851063829787234,0.3829787234042553,-1,-0.015456943618750274
2025-12-24,Punjab,Kapurthala,8,9,9,1,58,0.13043478260869565,0.014492753623188406,0.8405797101449275,-1,-0.05836535534913123
2025-12-24,Tamil Nadu,Salem,57,76,76,16,39,0.5757575757575758,0.12121212121212122,0.29545454545454547,-1,-0.002160804652406423
2025-12-25,Assam,West Karbi Anglong,4,0,0,0,25,0.0,0.0,0.9615384615384616,-1,-0.07397246710390659
2025-12-25,Bihar,Muzaffarpur,46,53,53,186,56,0.17905405405405406,0.6283783783783784,0.1891891891891892,-1,-0.00530349563814736
2025-12-25,Bihar,Patna,59,64,64,325,14,0.15841584158415842,0.8044554455445545,0.034653465346534656,-1,-0.016181458263041626
2025-12-25,Meghalaya,Eastern West Khasi Hills,2,0,0,2,325,0.0,0.006097560975609756,0.9908536585365854,-1,-0.07097165631174152
2025-12-25,Meghalaya,West Khasi Hills,2,0,0,5,11,0.0,0.29411764705882354,0.6470588235294118,-1,-0.023842687750887603
2025-12-26,Manipur,Senapati,3,0,0,2,3,0.0,0.3333333333333333,0.5,-1,-0.016503968122272283
2025-12-26,Manipur,Ukhrul,1,0,0,2,3,0.0,0.3333333333333333,0.5,-1,-0.010137704226924504
2025-12-26,Punjab,Hoshiarpur,20,19,19,1,22,0.4418604651162791,0.023255813953488372,0.5116279069767442,-1,-0.007488983898153445
2025-12-26,Tripura,Khowai,4,2,2,1,6,0.2,0.1,0.6,-1,-0.006230899361099329
2025-12-27,Assam,Dibrugarh,20,25,25,13,51,0.2777777777777778,0.14444444444444443,0.5666666666666667,-1,-0.012980816748743407
2025-12-27,Dadra and Nagar Haveli and Daman and Diu,Daman,1,0,0,0,1,0.0,0.0,0.5,-1,-0.031962546669918934
2025-12-27,Gujarat,Anand,29,42,42,3,28,0.5675675675675675,0.04054054054054054,0.3783783783783784,-1,-0.0032604623870347016
2025-12-27,Meghalaya,East Khasi Hills,15,4,4,16,152,0.023121387283236993,0.09248554913294797,0.8786127167630058,-1,-0.07107364042690201
2025-12-27,Meghalaya,North Garo Hills,3,0,0,0,8,0.0,0.0,0.8888888888888888,-1,-0.07295881144059102
2025-12-27,Punjab,Hoshiarpur,16,15,15,0,23,0.38461538461538464,0.0,0.5897435897435898,-1,-0.02695156569295576
2025-12-27,Punjab,Kapurthala,6,4,4,1,13,0.21052631578947367,0.05263157894736842,0.6842105263157895,-1,-0.009943362909821118
2025-12-27,West Bengal,Kalimpong,1,0,0,0,1,0.0,0.0,0.5,-1,-0.031962546669918934
2025-12-29,Assam,Sonitpur,27,114,114,27,432,0.1986062717770035,0.047038327526132406,0.7526132404181185,-1,-0.053978512739181084
2025-12-29,Kerala,Ernakulam,78,40,40,15,80,0.29411764705882354,0.11029411764705882,0.5882352941176471,-1,-0.06022805629354244
2025-12-29,Maharashtra,Pune,100,285,285,34,55,0.76,0.09066666666666667,0.14666666666666667,-1,-0.008963464738550253
2025-12-29,Meghalaya,South West Garo Hills,2,0,0,0,12,0.0,0.0,0.9230769230769231,-1,-0.07183424748218248
2025-12-29,Punjab,Kapurthala,8,8,8,1,34,0.18181818181818182,0.022727272727272728,0.7727272727272727,-1,-0.041229840818286845
2025-12-29,Sikkim,East Sikkim,6,3,3,0,4,0.375,0.0,0.5,-1,-0.0031021248419560443
2025-12-29,Sikkim,Mangan,1,0,0,0,1,0.0,0.0,0.5,-1,-0.031962546669918934
2025-12-29,Sikkim,Namchi,3,0,0,0,4,0.0,0.0,0.8,-1,-0.06982145315365196
2025-12-29,Sikkim,West,1,0,0,0,1,0.0,0.0,0.5,-1,-0.031962546669918934
2025-12-29,Sikkim,West Sikkim,2,1,1,0,5,0.14285714285714285,0.0,0.7142857142857143,-1,-0.03570736058292512
2025-12-31,Meghalaya,East Garo Hills,4,0,0,12,2,0.0,0.8,0.13333333333333333,-1,-0.00347315210521959
2025-12-31,Meghalaya,East Khasi Hills,22,3,3,64,16,0.03571428571428571,0.7619047619047619,0.19047619047619047,-1,-0.02221862189255186
2025-12-31,Meghalaya,Ri Bhoi,7,0,0,25,6,0.0,0.78125,0.1875,-1,-0.016147606515764412
2025-12-31,Nagaland,Mon,5,0,0,19,2,0.0,0.8636363636363636,0.09090909090909091,-1,-0.006495754687429911
2025-12-31,Sikkim,East Sikkim,3,0,0,1,2,0.0,0.25,0.5,-1,-0.007611696758206388
2025-12-31,West Bengal,Jalpaiguri,58,44,44,200,9,0.1732283464566929,0.7874015748031497,0.03543307086614173,-1,-0.00235467192425054
